1	室内薰沉香能杀菌清毒、预防新型冠状病毒。
1	广东化州橘红可以缓解新型冠状病毒肺炎症状。
1	在卫生间开排气扇会形成负压，把下水管里的病菌抽在空气里吗？——来自较真用户@毛毛提问
1	网上有一个流传得比较广的贴子：“独家最新报道！美国华裔专家（吴教授）揭秘绝大多数医生都不知道的新冠病毒肺炎机理及自救措施！必看！救人救己！”其中提到，在受感染后的早期，应该针对过度免疫反应产生的过量氧自由基和炎症因子进行用药，应大剂量服用抗氧化剂，维生素C、E，以及板蓝根、金银花等都是很好的抗氧化清除自由基药物。
1	日前有报道称，“澳洲还将投入20亿澳元（RMB100亿元）的资金用于研发新冠病毒疫苗！联邦科学与工业研究组织表示，最快在下个月初，原型疫苗可用于临床试验。”
1	最近有一篇《印度南部新冠肺炎爆发，三千多人被隔离，或向中美求助》的热帖传开了。文中总结道“2月7日印度从武汉撤回15名印度公民，到11日短短四天就导致数千人隔离，几十个人确诊，这在全世界都是极为罕见的”。
1	如果要出门，外面穿防静电服可以更好的防护吗？——来自较真用户@小胖墩提问
1	用水银腋下体温针帮进入小区的人员依次测量体温，会造成交叉传染。
1	有传言称，湖北产的大米上可能有新型冠状病毒，不能吃湖北产的大米。
1	水果表面有新型冠状病毒，疫情期间吃水果必须削皮。
1	❗️❗️❗️❗️❗️❗️今日提醒，不要带孩子出来玩雪，因为雪会把漂浮在空中的病毒带下来，记住别带孩子玩雪️️️️️继续在家待着！新型冠状病毒?怕热不怕冷!
1	用煮好的花椒水可以医治新型冠状病毒肺炎吗？——来自较真用户@金铭提问
1	等离子空气消毒机，可以杀灭新冠状病毒吗？——来自较真用户@老马提问
1	香囊可以预防新冠状病毒？——来自较真用户提问
1	亲人们，别再戴隐形眼睛了，会增加感染新冠病毒的几率，最近连微商都开始卖框架了。
1	新冠病者好了，血浆能治新冠病毒吗？——来自较真用户@阿坚提问
1	网上有个说法：准备15个口罩，轮流用，一天一个，用完一个密封。到第15天时再用第一个，这时病毒应该也被闷死了吧。
1	添加了抗菌成分的肥皂比普通肥皂和清水相比，有更好的杀毒效果，对人体也更好。
1	一网友晒出自己阿根廷朋友预防传染病的“方案”，该方案称阿根廷人因为经常喝马黛茶，使得阿根廷人不容易得传染病。
1	一次性口罩垫，医用垫巾，可以起到防护作用吗？现在口罩单价涨到4元一个依然有人买不到，在朋友圈看到这个垫巾，它可以替代口罩成为最右选择吗？——来自较真用户的提问
1	近日，一条以市政府会议精神为开头的信息在网络上流传，该消息称，温州市从16日居民出行将恢复正常，17日公交也将正常化。
1	近日，一张来自浙江金华市婺城区的婴儿出生证明在网络上流传，图中“证明”显示，新生儿姓名为”戴口罩“。
1	网上流传，2月12日疫情大爆发，上海出来3000多例。
1	天气回暖，从南方飞回北方的鸟经过疫区会带回病毒，感染人类。
1	武汉药学院的丁虹教授在个人微信公众号里，推荐可以使用甘草酸二铵＋维生素C＋芦丁片来治疗新冠肺炎。丁教授认为，新冠患者病情恶化、死亡的最根本原因是“炎症瀑布”。甘草酸及其衍生物与激素有类似的结构，有类似的抗炎作用，能够对抗炎症瀑布。  
1	中国烟民达3亿，其中15岁以上的人群吸烟率为28.1%。对比钟南山团队论文里的统计数据，吸烟患者的比例太低，只有12.6%，大大低于正常应有的比列，说明吸烟者感染率明显低于非烟民！
1	【武汉盘龙城一小区男子把口罩喷酒精戴，坐电梯，遇电梯84消毒，瞬间晕倒死亡】——这是真的吗？来自较真用户@ starry的提问。
1	现在到处都在流传一张“日本冠状病毒防疫指南”的图，最后一项写的是“番梘液”，请问这张图是真的吗？
1	有空看看吧，东部战区总院呼吸科权威专家宋勇的回答………有关十几个问题的回答，是可信还是胡说的？——来自较真用户@黑夜里的莺的提问。
1	野菜不能吃，吃野菜会感染新型冠状病毒。
1	＠所有人：请注意️买一个整理箱，如果家里有，整理腾空出来一个。放在家门口，出门回家以后，把衣服裤子脱下来，反着叠起来，放在整理箱里，把盖子盖好，密封起来，过四个小时，或五个小时，细菌就都死透啦。这个细菌害怕没有空气，等细菌都死透了，再去洗衣服，医院的朋友告诉我的。还有把外出的鞋子用方便袋装起来，系紧，密封起来。这个方法是时下最有效的杀死细菌的办法。
1	我们深吸一口气，然后憋住，如果憋气时间长达50秒以上，那么说明你的肺功能非常强大，这时候不必担心肺部的健康；而如果憋气40秒，说明你的肺部也算是健康；如果连30秒都达不到的话，就应该引起重视了，因为这很可能是肺部出现了异常状况。
1	日本医疗机构中医护人员使用的简易防病毒法。很简单，就是随时保持喉咙湿润。人的喉咙有这样的特性，即便不慎吸入了病毒，但如果喉咙湿润的话，病毒大多会沿食道进入胃部，而不是沿呼吸道进入肺部。由于胃里有胃酸，能有效杀死病毒，因此危险相对较小，而肺就不一样了。那么，如何有效保持喉咙湿润呢？很简单，每15分钟喝一两口。
1	一则上海各类学校的教学安排表流传于网络，表上称，上海市各学校正式开学被推迟到了5月1日，备受家长关注。
1	阴雨天和大雾天开窗透气容易感染新型肺炎，最好避开这些天气，对吗？——来自较真用户@尧提问
1	成熟男性的精液可以抑制新型冠状病毒？——来自较真用户@妄生提问
1	有人称，将消毒卡挂在身上就能预防新型冠状病毒。
1	有传言称，左氟沙星眼药水可以防止新冠病毒从眼部进入。
1	2月初，社交网络流传一则招工信息，称武汉火神山医院急招保洁员，月薪3万-3.5万元人民币。该消息引发网友广泛讨论，湖北某地劳动就业局还将招工信息刊载在官网。
1	近日，一段某小区高楼往下撒钱的视频配以“湖北随州一家人全部感染，元宵节有人从27楼撒钱”的文字在网上流传，引发网友关注。
1	2月7日，某微博账号发布一条博文，主题为“钟南山盛赞吃牛羊肉的蒙古族同胞身体好：疫情期间赴武汉演出无一人发烧感染”，内文大意为：今年1月20日，内蒙古赤峰巴林右旗乌兰牧骑演出队在疫情期间赴武汉演出，演出结束回到家乡被全部隔离，14天的隔离期结束后，35名队员无一人感染。钟南山院士在讲话中提到，全国人民应向蒙古族同胞学习，多食天然的奶制品和绿色牛羊肉，并为蒙古族同胞强大的基因和免疫力点赞。引发网友关注。
1	拔白头发对身体有好处，防治新冠肺炎要着重拔头两侧的白发。
1	2月11日，网络流传两张图片，其中一张图片中，钟南山院士正在送别一支医疗队伍，而另一张图片中，疑似出现钟南山院士的妻子李少芬女士。图片配文：疫情当下，钟南山亲自送女儿“逆行”援鄂。引发广泛关注。
1	雄黄有杀毒效果，能杀死新型冠状病毒。
0	如果买不到75%的乙醇，也可以买99.7%的乙醇，稀释到75%后消毒用。
1	用火烧不着的一次性医用口罩是正品吗?——来自较真用户@红叶提问
1	松茸蘑菇，被称之为菌中之王 是否对现在的新型冠状病毒有预防功能？——来自较真用户@你若不伤^.^岁月无恙提问
0	2月10日，武汉金银潭医院院长张定宇说新冠肺炎是自限性疾病，并表示目前他们医院病人的治愈率比较高。
1	预防气溶胶传播新型冠状病毒需要堵塞地漏？ 网上有说管道极易让气溶胶传播，所以预防气溶胶传播新型冠状病毒需要堵塞地漏。这是真的吗？——来自较真用户@存在提问
1	近日，一张群聊天记录截图在网上和朋友圈被频频转发，该消息称，苏州有一家公司提前开工，导致多名员工确认感染，200多员工统统隔离了。
1	新型冠状病毒不耐高温，用过的口罩放到烤箱里烤30分钟后可以有效杀毒，继续使用。
1	某海外自媒体账号发布一篇名为《因检测费7万美金，印尼决定不检测武汉撤侨的243名公民，印尼至今0确诊》的文章称，印尼当地官员因为检测费用太高而没有对武汉撤侨人员进行检测。
1	《新型冠状病毒感染的肺炎诊疗方案（第五版）》提到了益生菌，吃益生菌能够防治新型冠状病毒肺炎。
1	近日有网友发帖称：当前确诊病例并没有纳入上海新增病例中，原来是这两天统计口径改了，按照病人的户籍来算了，如果病人在上海发病，但不是上海户籍，就不会被纳入上海的新增病例统计中。
1	马来西亚华侨无意中发现的生活偏方、切开生洋葱，吸气几10下、洋葱的刺鼻辣味、可以起到杀菌作用，可以预防新型冠状病毒肺炎。
1	钟南山院士说过新冠肺炎的后遗症比SARS还严重吗？——来自较真用户@ Niein的提问。
1	转清华群的消息：来自武汉抗击疫情第一线的消息，李留树（呼吸肿瘤博士）刚从武汉打来电话给他同学：一、疫情很快就会有效控制，十天左右会显著逆转。二、美国的抗病毒药瑞德西韦用在临床病人身上十分有效，危重病人已经开始好转，中西医支持联合用药，治愈病人完全有信心。三、武汉的疫情完全可以控制，情况已经有明显改善。李留树主任67岁，是原301医院第四中心呼吸肿瘤科主任，他是一个真正会看病的博士后专家。他是做为志愿者自己赴武汉抗疫的，今早他从第一线打来电话告诉了他同学这样的好消息，十分感动。中国加油！武汉加油！李博士加油！致敬逆行者！
1	有没有肺炎，10秒钟自我检测法！ 做个深呼吸就知道了！ 这是医生闵颖发的小窍门。 安静下来，做个深吸气，一口气吸到顶，坚持屏气5-10秒钟，这个过程中，没有因为咳嗽、胸闷、不适而导致这个过程失败，那么，恭喜您，您的肺功能都是好的，基本没有患病之虞。 如果肺部有炎症，它一定会因为炎症的刺激而导致你吸气包括你屏气的过程出现问题。
1	自制口罩，我们要用到材料就是一块新的尿不湿，选用尿不湿来做口罩是因为它的材料和构造跟口罩非常相似，首先我们来看下一次性医用口罩的结构，一次性医用口罩一共有三层，最外面一层是阻水层，可以阻挡空气中的飞沫，中间这层是过滤层，最里面这层是吸水层，可以吸收我们呼出的水气。我们再来看看尿不湿的结构，尿不湿最外面的一层是防漏层，相当于口罩的阻水层，同样也可以阻挡空气中的飞沫尿不湿里边的最表层是一层非常亲肤的材料，戴在脸部会非常的舒适，并且它的中间层是多层的吸水材料，那这些材料组合在一起也可以起到非常好的过滤作用，所以用尿不湿来自制口罩是再适合不过了。
1	北京2月10日晚要各主干道消毒是真的吗——来自较真用户@风的提问。
1	有传言称：2020年2月9、10日两晚广州全城大消杀。
1	网传“济南市定于今晚12点对全市主干道进行大面积消杀、消毒工作”。
1	哈佛八剑客集体回国是真的吗？——来自较真用户@都市女农（Tina）的提问。
1	能否通过防水与否鉴别口罩真假？——来自较真用户@大鱼提问
1	吃猪肉会感染新型冠状病毒——来自较真用户@A张露的提问。
1	请留意这个讯息的关键意思：“有外国人只是经武汉转机，曾去过公厕，仅停留两小时就感染了”，因此有人总结了一点：就是所有机场或高铁站的公厕很大机会是感染源（感染者上吐下泻，封闭空间病毒?密度最高），这证明了为什么许多离开武汉去世界各地的人染病率如此之高！原因就是人人上车前、上机前都会先去公厕。去武汉出差的人绝大部份不会去街市，但回来后很多仍然被感染了，这证明了经由厕所被感染的机会比较高这个观点！请切记机场和车站的公厕都是高危的地方！
1	既然病毒可通过气溶胶传播，在不通风的环境里，例如电梯，是不是可以把二氧化氯放进加湿器里雾化，以降低气溶胶传播病毒的几率呢？
1	有人说，新型冠状病毒就是SARS病毒，这话是专家在一个发布会上说的。
1	使用公共厕所常见的干手机持续吹30秒就能杀死手上的新型冠状病毒。
1	有消息说，新型冠状病毒会通过气溶胶传播。
1	大蒜是防病毒的最好植物。山东兰陵县146万人,目前无一感染,引起了有关专家的重视,据当地政府统计,在武汉打工卖菜的近万农民工回到家乡过春节,至今无发病。分析原因是兰陵是大蒜种植区。
1	全社会都在为新冠病毒忧心忡忡，网上各种异想天开的“抗病毒方案”也层出不穷，比如突然在社交媒体上流传的这样一个说法——钟南山院士说：“至今确诊一万多例，无一素食者。”也就是说感染病毒的都是吃肉的人！做不到不吃肉，但可以做到少吃肉。院士说自己吃全素已经第六个年头了……
1	除了医用口罩，电动口罩也可以预防新型冠状病毒。
1	2月8日，一段“李文亮生前跳舞”的视频在网上传播。与视频一同发布的文字称：“这是李文亮生前的视频，多才多艺，好惋惜永远定格在三十五岁。” 
0	气溶胶多在ICU内因患者用呼吸机等治疗操作而产生，一般的环境下几乎没有。
1	今天，一条关于“北京乘坐公共交通工具都需要用身份证”的消息在网络热传，该消息称：“今天是北京需要身份证乘车的第一天，发现还有好多人不知道这个规定。烦请转告身边需要乘车的家人、朋友，现在乘坐任何公共交通工具都需要用到身份证，出门一定要记得带身份证！”
1	近日成都市民朋友圈流传信息：“现在乘坐任何公共交通工具都需要身份证。”
1	2月7日，有市民反映在社交平台上看到了一则“社区管理公告”。该公告要求每户家庭（居家隔离家庭除外）每2天只可安排1名家庭成员外出购买生活用品，其余人员无特殊原因，一聚（律）不得外出。
1	2月8日，在哈尔滨市民微信朋友圈里有这样的消息：今天是需要身份证乘车的第一天，发现还有好多人不知道这个规定。现在乘坐任何公共交通工具都需要用到身份证，出门一定要带身份证。
1	2月6日，网络开始流传一段视频，视频中飞机客舱的座位上满是一箱箱的抗疫物资，画面中只见搬运着货物的空乘们，却不见乘客身影。 该视频广泛流传的配文为：“是南航墨尔本返航广州的航班，没有旅客，飞机上全是澳洲华人为了及时把物资运回国内，号召大家购票后把无偿捐助的救援物资放在自己的座位上”。
1	今天是南京市需要身份证乘车的第一天，发现还有好多人不知道这个规定， 烦请大家知晓并转告身边需要乘车的家人、朋友，现在乘坐任何公共交通工具都需要用到身份证，出门一定要带身份证！出门一定要带身份证！出门一定要带身份证！
1	网传一则雾炮车正在进行消杀工作的视频，并配文：南京全市主干道今晚12点进行大面积消杀，已经派出了雾炮车在道路上喷射。
1	新型冠状病毒怕热，用过的口罩放到开水里煮可以多次使用
1	酒精能杀死新型冠状病毒，用过的口罩喷酒精消毒后可以反复使用。
1	有传言称，抗生素抗新冠病毒，吃抗生素就可以有效预防和治疗新型冠状病毒。
0	即使是没有症状的患者，也可以传播新型冠状病毒。
1	这个病毒欺骗性很强，会出现治疗时表面抗原转阴，但是病毒RNA并没重组变异的情况。会像乙肝一样，经常出现表面抗原转阴了，但是就是不产生抗体，长期在人体内存在。
1	新型冠状病毒怕热，用吹风机对着吹可以有效消毒反复使用。
1	上海市定于今晚12点对全市主干道进行大面积消杀、消毒工作。因此次消毒药水浓度较大，请各位于今晚10后务必呆在家中，不要随意出入，睡觉时请紧闭门窗。以免给您造成身体不适，请各位务必配合消毒工作。
1	近日，一份“新型冠状病毒肺炎预防凉茶处方”在网上流传，有消息称此处方为钟南山推荐的中药处方，可预防新型冠状病毒感染。
1	近日，一张有关春节假期再次延长的截图在网络上流传，截图称，据国务院办公厅通知延长2020年春节假期至2月20日起正常上班。
1	复方甲酚皂能灭新冠肺炎病毒吗？——来自较真用户@心想事成提问
1	请问，一直买不到酒精，马上要上班了。有个视频介绍说可以把白酒放冰箱冰冻室制作75%的酒精，是真的吗？——来自用户@helen的提问
1	疫情严重，加强防控！ 钟南山院士说：从1月23日封城开始到2月6日（正月十三）为第一个14天。从2月7日（正月十四）开始再过14天，要到2月20日（正月二十七），如果没新增上升，疫情才算是控制了。一个14天不能解决问题，请大家配合，做好第2个14天的防护，很重要！很重要！我们已经挺过第一个14天，再奋战第二个14天。
1	最新研究表明穿山甲是新型冠状病毒的中间宿主。
1	季铵盐类消毒剂苯扎氯铵（洁尔灭）、西曲溴铵能灭活新型冠状病毒。
1	武汉古田四路佳兴园，用酒精全屋消毒后开空调，引起爆炸。这是真的还是假的？——来自较真用户@刘琴的提问
1	二氧化氯稀释后放进加湿器里，每个办公室里放一个，可以有效消毒空气，预防新冠肺炎。
1	中国政府为了遏制新型冠状病毒的疫情，准备杀死2万感染者。
1	重庆某小区建有一个长约5米的消毒通道，业主们检测体温后通过“云雾缭绕”的消毒通道后回家。通道是由一位畜牧科学院的院长提议设立的，主要使用复合过氧乙酸消毒液以及84消毒液来消毒。经过此消毒通道，小区住户可以有效预防新型冠状病毒。
1	瑞德西韦是“杀敌八百自损一千“，会暂缓人体新陈代谢，副作用比化疗严重。
1	武汉闸东山道士发明了一个简便易行且有特效的消毒方式。 根据病毒在50度以上的温度自行消亡这一致命特点，因此我们出门回家后只要用电吹风强档，对口罩和面部手部各吹30秒即可消毒，口罩可反复使用，衣服不用每天洗，也避免了酒精和消毒水的二次污染。
1	易感染者可以在未与患者见面的情况下，因为吸入了悬浮在空气中的病毒感染新冠肺炎。
1	口罩嘴巴处垫一张对折的纸巾，这样可以延迟口罩的使用时间，换纸巾就行，这个办法可以大大降低口罩的用量，而且口罩不会有臭味，建议可以推广，要不口罩供应根本跟不上消耗的速度。（根据防控指挥部发布） 这是真的吗？——来自较真用户@八千里路云和月 提问
1	科学家传出一项已被验证可以有效去除病毒的太空技术，该技术制作门槛低，技术风险为0，老百姓就可以在家动手制作铜甘斯水预防病毒。
1	果蔬沾染新冠病毒是否导致人被感染
1	收快递、外卖会感染新型冠状病毒吗？——来自较真用户@ whale的提问。
1	哈佛医学院为李文亮医生降半旗致哀，悼念这位有勇气说真话的普通人。
1	邮政公司、顺丰、京东三家企业可保留快件派送服务至2月6日24时，2月7日起停止派送业务，停止一切快递、派送车辆运行，恢复时间另行通知。
1	非常时期，自来水中在允许的范围内加大了氯气的注入。大家在用水时，特别是烧开水、煮饭用水要把水装出来，最少静置两小时以上再用。这样会更健康。
1	开窗通风会把屋外的病毒带进家，从而引发新型冠状病毒肺炎。
1	这次疫情从战略上结束了，人类胜利了，中日友好医院270例同情用药，全部生效，17-40小时内病人全部好转90%以上
1	长沙市天心区有一来自耒阳安仁县的卖淫女，于2月3日晨被确诊感染。来长期间接触9人，天心警方正全力追踪...
1	把卫生巾当做口罩来用可以防病毒，也可以把卫生巾贴在口罩外面，只替换卫生巾就好。
1	武汉火神山医院的设计师是日本竹务工务店的高级规划师木间雄二先生。
1	吃槟榔可以防止新型冠状病毒肺炎吗？——来自较真用户@麒麟纹 提问
1	刚才和我在美国做医生的弟弟通电话，他告诉我，预防武肺的方法不仅是戴口罩和洗手消毒，这些都是被动防御。更重要的是要大量饮水：因为人体最易被病毒感染的部位在口眼鼻等处，人体分泌的粘膜液有自身的抗体，可以抗感染，多喝水可促进自身粘膜组织液 的分泌来抵抗病毒，粘膜组织液分泌越多，抵抗能力越强。当你感觉口渴时：已经是粘膜液分泌严重不 足的状态了。所以请大家及时充分地饮水，提高自身免疫力。
0	冠状病毒携带者不知情的情况下抽烟产生的二手烟是否会传染其他吸入的人群？——来自较真用户@L。提问
1	在六枝特区郎岱白坟冲有一母猪开口讲话，猪告诉主人要在天亮之前煮九个鸡蛋吃，这样能预防疫情。
1	2月6日起宁波将管控升级，实行封城，海陆空交通将停运。
1	准妈妈囤纸尿裤，说纸尿裤材料被征用去做口罩，很多纸尿裤厂家已停产，也不让进口了！
1	防溢乳垫贴在非医用一次性口罩上能一定程度过滤病毒？——来自用户@微凉的提问
1	刚收到的： 转发常州红十字会会长的通知 朋友们：特别嘱咐 请所有人都记住： 红糖，生姜，大葱白，大蒜（多放），熬水喝，疫情解除之前，每天喝，感染病毒的概率几乎为零！大家一起分享转发！
1	网络上流传一段视频，称是美国前往中国的医疗队出发前的祷告。
1	近期微博上有短文提到，美国从武汉撤侨，之所以用货机，而不是客机，是因为货机可以给武汉运送医疗物资。美国飞机是在无锡机场先将物资卸下后，再到武汉撤侨的。
1	预防普通肺炎的疫苗能够防止新型冠状病毒感染。
1	近日，多地下发防疫建议称，最新权威研究验证了适量饮酒可预防新型冠状病毒，引发巨大关注。一些酒商也顺水推舟，鼓吹“适量饮酒”作为防控建议是“靠谱”的。
1	一辆车牌号鄂M.13C33的轿车，从湖北仙桃开过来的，新塘卡点测额温38.5比较高跑了，目前己经离开新塘。其他村或社区最好关注下，不要让他进自己管辖的村或社区。看到请转发，有人看到在新塘附近，请大家及时扩散。
1	新风系统究竟是会传播病毒还是能过滤病毒，防止病毒扩散？——来自较真用户@毅鹏提问
1	有人说，只要口罩接水不渗水就能抵抗新型肺炎病毒的传播是真的吗？——来自较真用户@白鬼院的提问。
1	今天有消息在网上和朋友圈流传称，周边部队开始集结，各连锁酒店全部被政府征用，如果10号疫情不好转，解放军进城全面接管， 每天的菜解放军按你家人口按需配给送你家里，封户。
1	请问有网传消息三天后武汉所有超市、药店关门，是否属实？
1	最近网传钟南山院士在机场迎接吉利德公司老总，因为这个公司的抗癌药物瑞德西韦治好了中国武汉去美国的35岁患者。中美已经签订合同购买这个公司抗病毒的瑞德西韦进口协议。
0	望各位周知，很重要！乙醇闪点12.78°C，火灾危险性属于甲类，75%乙醇消毒液闪点大约在22°C，火灾危险性还是属于甲类，因此在使用75%乙醇进行消毒过程中，室内禁止喷洒式消毒方式，应采取擦拭方法进行消毒且在消毒过程中避免撒漏，空气中浓度不等超过3%以防止火灾发生，保持室内通风。室外采取喷洒式消毒方式必须禁止明火，防止局部喷洒浓度过大，遇明火发生燃烧风险。不光明火，如果喷洒浓度达到3%，衣服静电就能爆炸。请不要往身上喷洒酒精，吸烟人群远离酒精，家家都买了酒精不等于家家都会正确使用，使用不当，极易引发高层大火，请大家好千万小心。不要往身上喷酒精！不要往身上喷酒精！屋里也不要怕喷！屋里也不要喷!屋里也不要喷！
1	有证据认为新冠病毒可以通过蚊虫叮咬、苍蝇传播，这是真的吗？
1	最近一段着火的视频，画面打着一行字，说楼上的烟头扔下来，导致楼下在酒精消毒的着火，这个视频是真的吗？——来自较真用户@冷暖自知的提问。
1	2003年的“非典”，香港死亡了299人，其中42人都住在一个叫做淘大花园的小区。在这42人中，有一半的人都住在E座，其余的分布在小区中的其他14栋楼内。调查发现，一个有腹泻症状的病毒携带者，到淘大花园E座探访，因为腹泻使用了洗手间，把有病毒的粪便冲入了马桶。粪便进入污水管，而管道是联通的，因为洗手间地漏所连接的“U”形管密封性不够，病毒就可以通过管道扩散到其他房间。
1	新型冠状病毒核酸在患者的粪便中被检测到，病毒能通过下水道传播感染。
1	最近朋友圈很流行这段提示：“提示警示：请大家嘱咐家人，在消毒防疫时，84消毒液与酒精不可混用！ 混用可能产生氯气，氯气为毒性气体，混用可能会导致中毒！切记！” 小生不才，家中无试纸无法实验，个人认为在自然条件下次氯酸钠和乙醇不会发生反应，从而产生氯气，求化学专家，求辟谣！——来自较真用户@飞的提问。
1	武汉大学中南医院影像科副主任张笑春教授疾呼：别再迷信核酸检测了，强烈推荐CT影像作为目前2019nCoV肺炎（诊断）的主要依据。仅凭一张CT片子可以向张笑春副主任说的替代试剂盒诊断判定新冠病毒感染吗？有什么依据？——来自较真用户@ACRG的提问。
1	转：紧急提醒各位：鞋！鞋！鞋！重要的事情说三遍！​​​钟南山院士今天紧急公开了一项最新医学发现：此次新冠肺炎病人的粪尿和唾液中均检测出大量病毒核酸！粪口传播成为新冠肺炎区别于非典SARS的一个重大特征，新冠肺炎传染性更强大更隐蔽，需要高度警惕！这次我们把接触及可视病人的防护重点放在口罩，护目镜和手套上，但明显防护不够！大家都轻视了一个比口和手更隐蔽和危险危险的部位，那就是你的脚！因为你不知道病毒携带者在哪里吐痰了，呕吐了，大小便了，你以为自己远离人群就没事了，但只要你上过一趟公厕，或者是你脚下踩过病人吐的痰或便溺，你就已经踏上了一颗定时炸弹，你携带病毒的鞋和你一起回家后，一人回家，全家遭殃！ 再次强烈建议：尽量不要外出溜达，出门工作和购物后，进门前，你的鞋一定要严格喷洒消毒水！或把鞋放在门外，并与居室隔离，除了做好个人卫生，家里还需要每天喷洒一次消毒剂。
1	钟南山已经确认：武汉城家有猫咪和狗狗的家庭到目前为止，无一例感染，是因为猫咪和狗狗与人相处的过程中已经为主人的【冠状病毒】抗体加强了，所以可以肯定，家里有猫咪和狗狗的家庭在此次疫中不会被感染，家有猫咪和狗狗的家庭本次疫中百毒不侵的强者！！！世界卫生组织辟谣了，WHO官方回复！！猫狗身上缺少ace2酶，毒株s-蛋白无法结合，猫狗不会成为新冠状病毒的带毒生物！是真的吗？——来自较真用户@守护的提问。
1	不要吃淡水鱼！ 说是：钟南山提醒：很多地方有厕所搭在鱼塘上或者在鱼塘洗便桶的习惯，现在已经确认粪口传播病毒了！请帮忙确认。
1	已经检测出来高温可以杀灭冠状病毒的结果了。让病人发烧到39.6度以上就能痊愈，40度也没关系。 蝙蝠的正常体温就是40度，它可以和很多病毒共处而不受害。 如果对感染者继续采取降温的措施，其实就是在…… 第一，自私；第二，恐慌；第三，继续无知……那么每一次这样的疫情就都是清理人口。 ​​​这个是真的吗？——来自较真用户@ZEF的提问。
1	简单治咳法，蝙蝠最怕高温。请把滚水。就是喝的开水滚开的汽。吸下去。就和吸烟一样。也许能解毒。太烫了。请注意安全——来自较真用户@光照全网友的提问。	
1	有网络传言称天津一车主在自己衣服上喷了含酒精的消毒水，在开车抽烟时引发燃爆。
1	教大家一招，可以用生理盐水清洗鼻子，这样能有效预防新型冠状病毒感染。
1	北京市今天起全市1000个药房网点投放口罩，统一4毛6分一个，10个一包。每天全市投放300万个，每个点3000多个。
1	2月4日，成都市民可通过天府市民云APP线上预约，领取口罩。
1	中国工程院院士，著名呼吸病学专家李兰娟：谈恋爱可以预防新型肺炎。
1	3日开始，网上流传一条“老盛昌罗香店包子铺老板确诊新型冠状病毒，此前天天在卖馒头”的视频和消息。
0	是不是只要把菜做熟病毒就杀死了？要加热多少度多少分钟？——来自较真用户提问
1	2月4日起，福州市民可凭户口本进入e福州APP登记购买，一个户口本限购5个，先从6区开始实行，接下来会推行到4个偏远市；口罩统一由四明大药房进行配送到村镇，各分管部门（区经信局）需提供村镇联系人名单，由村镇联系人负责分发到购买成功的家庭。
1	家里没有医用酒精了，市面上卖的XX士家用消毒液可以喷洒在衣服上消毒吗？还是浸泡消毒？能杀死新冠病毒吗？——来自较真用户@再见孙悟空的提问
0	中央空调会传播病毒，是真的吗？——来自较真用户提问
1	环保酵素能净化下水道、净化空气，家中喷洒环保酵素能杀毒抑菌。
1	泰国Ratchawithi（ราชวิถี)医院破解新冠病毒方法：用抗HIV病毒、抗禽流病毒 2种药物 ！对感染者在48个小时内病情有明显的改善，病毒核实测试转阴，泰国短时间内找到了特效药。
1	这四个插入的片段并不是随机的，插入的部位是精心选择的，插入的部位是冠状病毒S1亚单位的一头一尾，和S1亚单位的交界处，插入完全不影响SPIKE蛋白的整体结构，但是增加了蛋白的可塑性和水溶性。我可以负责任的说，武汉新冠状病毒是个生物工程加工的人工病毒。这是人祸，中国的切诺贝尔事件。
1	美国公共安全卫生部门经特朗普特批，同意将吉利德公司的新冠肺炎抑制药瑞德西韦药物专利豁免，向中国紧急公开药物分子结构至4月27日。也就是同意让中国不经美国专利许可直接仿造此药用于紧急治疗命悬一线的患者！
1	最新国务院通知，所有疫情防控物资生产企业全部归国务院统一管理和调拨，地方各级政府不得截留、调用。即日起，任何平台不得销售口罩等，外面市场也不会流出正规口罩，全部由政府统一调配。
1	2日下午，网上流传的一条消息称：2月3日开始（周一），上海市各医院实名制进院，包括陪同家属，都需要带好身份证或医保卡！友情提醒！不要忘记，否则进不了医院！
1	在室温24℃条件下，新型冠状病毒在痰、尿、便，以及各种物体上，都能存活好几天，在人少或无人的地方，只要感染者曾经在这些地方咳嗽吐痰大小便打喷嚏，那么未来3-14 天内，病毒都可能随风飘起侵入到人体内。
1	印度的科学家通过基因测序，发现“新冠病毒”有其他冠状病毒没有的基因片段，而这些基因片段跟人类免疫缺陷病毒HIV很接近，而这些基因片段从未被发现于任何其他冠状病毒，该研究成果暗示了新型冠状病毒可能诞生于人为设计的基因改造。
1	有网传内容称上海一居民家因喷洒酒精引燃房屋，该消息称：“一家两口人配合的真棒，女烧菜，男打扫家务在喷洒酒精，这就是结果，家里空气中的大量乙醇燃爆了，家里都烧掉了！”
1	2月1日，一架直升飞机冲破封锁线，直达武汉，为一线医护人员送去防护物资。
1	网传乳酸菌素片对新冠状病毒有治疗作用？
0	据深圳市第三人民医院消息，该院肝病研究所研究发现，在某些新型冠状病毒感染的肺炎确诊患者的粪便中，也能检测出病毒核酸，提示粪便中很有可能有活病毒存在。
1	朋友今天在朋友圈实验，戴过的口罩进烤箱，60℃烤30分钟，说这样不破坏口罩的过滤层，又能起到杀灭病毒的作用，这样口罩就能反复使用，请问这种做法靠谱吗？——来自较真用户@蕴璟的提问。
1	2月1日晚间，一张《人民日报》数字报的截图在网络上流传。其内容为一篇“暂免武汉红十字会救灾物资管理”的新闻稿（2020年02月01日03版）。稿件中称，中央决定暂时停止武汉红十字会接收，存放和派发获赠物资工作，对近日出现的物资分配不均等引发社会普遍关注的重要问题予以深入调查。
1	鱼腥草可以预防新型冠状病毒。
1	童子尿可以预防新型冠状病毒——来自用户@夜风独自凉的提问。
1	最近，有消息称德国采用雾化手段治愈了4例新冠肺炎患者。
1	有消息称：“金银花、绿茶能防控新型冠状病毒感染。”
1	美国用remdesivir（瑞德西韦）治疗新型冠状肺炎有效了，这是真的吗？
1	国家一级响应！ 所有出租房，公寓，商铺，厂房，一律2月免租一个月，3，4月份免租半个月！希望各个“房东”积极响应！各位房东了解下，人间有真情 人间有真爱。
1	中成药双黄连口服液可抑制新型冠状病毒。快去抢购！
1	挂烫机喷出的蒸汽可用于衣物消毒，这是真的吗？——来自较真用户@卤什么蛋的提问。	
1	口含姜片出门可以预防新冠冠状病毒肺炎—— 来自较真用户@MAIKING的提问。
1	纯天然中药制剂“洁尔阴”洗液能抑制SARS病毒，可预防非典。
0	现在有没有专门针对新型冠状病毒的药物吗？预防或者治疗都可以？
1	藿香正气口服液可以治疗新型冠状病毒肺炎吗？——来自较真用户提问
1	有新闻称：“上海药物所和武汉病毒所联合研究，初步发现中成药双黄连口服液可抑制新型冠状病毒（2019-nCoV）……目前双黄连口服液已在上海公共卫生临床中心、华中科技大学附属同济医院开展临床研究”。
1	吃阿奇霉素片可以预防新型冠状病毒吗？——来自较真用户提问
1	有陈皮的朋友，在这个肺炎特殊时期多喝陈皮水，老少皆宜！陈皮能预防和治疗新型冠状病毒，陈皮挥发油中的柠檬烯对肺炎双球菌、甲型链球菌、金黄色葡萄球菌等多种呼吸系统易感染的病菌，都有很强的抑制作用。 陈皮所含黄酮类物质（川陈皮素）对支气管有舒张的功效，因此具有平喘的作用。 陈皮具有很好的平喘、镇咳和抗变应性炎症的作用。
0	吃大蒜能抗病毒？盐水漱口可以防病毒？燃放烟花可以预防瘟疫？这些关于新型冠状病毒肺炎的说法你信了吗？
1	1月31日，一则流言在网络传播——“武汉大学省人民医院发热门诊可做核酸试验检测不排队”，还有各种版本。
1	医用口罩现在好多药店已经脱销了。家中如有带臭氧的消毒柜，可以把自己刚用过的口罩放在一个专用塑料盒里，再放进消毒柜臭氧消毒层，经过消毒后自己继续使用，以此应对口罩急缺的问题。如果要想清洗口罩 ，一定要先把口罩 消毒后再清洗！！！家中没有消毒柜。也可以把可以自己用过的口罩 放进蒸锅里，向蒸丸子一样蒸15分钟，即可消毒后自己再次使用。你应该知道，三十多年前我们医院里的针头和针管，纱布药棉都是用这种办法消毒的   这个办法得到了我市妇幼保健院院长的赞许。另外，把自己用的毛巾用开水煮一煮也是居家消毒的好办法。
1	新型冠状病毒能通过眼神传播，看一眼就能得病。
1	暂时别吃鱼肉、酸菜，特别是草鱼做的酸菜鱼、水煮鱼，因安县有121个鱼塘已感染，是真的吗？——来自较真用户@猎鹰的提问。
0	温馨提示： 广州市人民政府：关于市民预约购买口罩的公告 1.1月31日晚8时在线预约； 2.凭身份证到预约药店购买领取； 这个是真是假的？——来自较真用户@雅雅的提问。
1	用浴霸灯照上半小时去除病毒，真的吗？——来自较真用户提问
1	糖吃多了可能会降低身体里免疫细胞的抵抗能力，让病毒趁虚而入？——来自较真用户提问
1	南京的自来水用的氯气消毒，已用最上限标准，建议家中喝的水先开盖露置在空气中，让其挥发一下后再用。
1	苏州市立医院一名准备生孩子的产妇感染了新型冠状病毒
1	新型冠状病毒会通过血液传播吗？——来自较真用户提问
1	我们同事转来：转发 大家老友 ! 我亲外甥碩士毕业在深圳医院工作被抽调研究武汉肺炎病毒…。刚刚他&#x27;让我告诉大家，感冒时，如出现流鼻涕和咳痰者，就不可能是新型冠状病毒肺炎，因为冠状病毒肺炎是干咳无流鼻涕，这是最简单的区别方式。知多的安全。
1	刚刚市医院医护人员呼吁大家: 最近两天自以为冠状肺炎病毒没事的人跑出去晒太阳散步，结果害了自家人和自己，殊不知；现在是冠状肺炎病毒蔓延最厉害阶段时期，结果是出去散步的一部分人有的染上了，回到家中把病毒又传染给家里人。目前；根据接诊情况来看；现在接诊的病人要嘛是一家三口或者是两口，问起具体情况，都是说出去散步了。所以紧急通知；关键时刻千万不要掉以轻心出门散步了！谢谢大家！请有群的及时转告！
1	1月30日，网上传：武汉市所有医院、社区都可以凭介绍信去武汉市红十字会领取物资。武汉市红十字会地址：江岸区胜利街162号  电话：027-82812604（确认真实信息）武汉红十字会：“各种物资都有，N95、防护服是紧缺的，所以需要的医院，开介绍信过来领。没有人给你们送的。”
1	有网友在网上反映自己购买的口罩在邮寄的过程中被海关给征收了。
1	【最新SCI文章报道】新冠状病毒和萨斯病毒一样，需要和人体ACE2 receptor结合，才会感染。根据冷泉实验室刚发的同济医学院报告说：亚裔男性样本的ACE2表达是白人/非洲人的五倍（2.50% vs. 0.47% of all cells）！对欧美基本不构成威胁。
1	口罩属紧俏物资，家庭剩下不多了，又买不到怎么办？一次性口罩再循环利用： 1.沸水蒸3分钟后晾干 2.75%酒精喷洒双面后晾干 3.医用紫外线灯照射10分钟！三选一即可。（特殊时期特殊处理）
1	网络上流传“山东寿光援助武汉350吨蔬菜，武汉市红十字通过超市低价售卖”。
1	花露水酒精含量70-75%之间，接近医用酒精最佳杀菌浓度，能有效杀菌？请问对本次新型冠状病毒是否有效？
1	今天我要给大家分享一个 成都市大邑疾控中心自制口罩的小视频。 利用身边常见的东西， 每个人在家都能自制实用的口罩。 视频中，疾控中心实验员用棉布、保鲜膜、纱布缝起来，做出一个三层的口罩，说这样比买不到口罩强，请问可行吗？
1	玉屏风颗粒可以提高免疫力抗病毒吗？——来自较真用户提问
1	1月29日凌晨零时，成都市大邑县公安局指挥中心接华西医院急诊科报：任志英（女，70岁）和任艳梅（女，45岁），两人均为大邑县居民（消息中还提到了两人的身份证号、电话号码以及家庭住址），于1月28日21时30分在华西医院急诊科就诊，被诊断为高度疑似新型冠状病毒感染肺炎，于29日零时私自离院，不知去向，请各卡点工作人员在工作中注意发现两人。请各单位工作中做好防护措施，如有发现及时报指挥室。
1	用XX万金油抹手上搓热再放在鼻子那深呼吸可以有效预防病毒。
1	1月29日上午有消息称：正值春节假期，又遭新型肺炎肆虐，中国知网今天起免费开放，不管是本科生，研究生，博士生还是各个行业的研究人员，都可以免费下载论文。
1	一名武汉籍女士在朋友圈发布信息，表示自己有发热、咳嗽的病情，强制吃退烧药混过机场检测并在法国入境。导致持续整整60周的法国大罢工结束，现在法国人都去抢口罩了。
1	温馨提示：朋友的女儿医院支援武汉前线医护发回的消息，不要穿带毛领或绒线的衣服外套，容易吸附病毒，请广而告之。 真的吗？——来自较真用户@健康是福的提问。
1	武大人民医院医生提醒：明后两天是爆发期，大量的潜伏期都会表现出来，近一周大家都不要出门，只要家里还有白米饭，坚决不出门。等爆发期表现出来了，该隔离的隔离，该住院的住院，半个月后情况就比较明朗了。明后两天是指29号和30号。接下来，对于整个疫情的控制也是比较乐观的，因为全国多个地方开始进行严格的人员流动限制，为此还专门延长返工时间。这样的举措会极大的减少了春运返工潮可能带来的影响，所以朋友圈转的这则提醒中提到“29、30号是爆发期”没有依据。
1	有新闻说沐舒坦这个药能治疗新冠肺炎，是真的么？
0	接触沾染了病毒的物品属于接触传播，也有可能感染病毒是吗？
0	《新型冠状病毒感染的肺炎诊疗方案（试行第四版）》提到病毒可通过接触传播，是平时的握手、拥抱都能传播吗？是否需要戴防护手套？
1	大蒜和冰糖一起煮水喝可以治疗新型冠状肺炎，这是真的吗？
1	白藜芦醇可以治疗防御冠状病毒，这是真的吗？
1	网络流传一段“成都出城高速封闭，不准出城”的视频。
1	28日，有网友在微信朋友圈流传“黑龙江高速公路将因抗击新冠肺炎疫情而大范围封闭”的消息。
1	“喷嚏可以打八米远，并且病毒可悬浮24小时！意思就是你出去就要戴口罩！你不知道24小时内有多少人在这个地方打过喷嚏！”是真的吗？——来自较真用户提问
1	1月28日，有消息称，“北京超市、菜市场要关门一周”。
1	日本派遣了1000人的医疗队前往武汉进行援助。
1	外出不要收现金，特别是小朋友不要收压岁钱，因为新型冠状病毒会通过现金纸币传播。
1	有网友翻出2018年“科学家发现新型冠状病毒”的旧闻，怀疑“是否两年前就已发现如今正在肆虐的新型冠状病毒。”
1	热水澡，是指人工增加人体体温到人工可以耐受的程度，在热力作用下，人体体温增加，毛细血管扩张，血流增快，使人体整体温度可达 40℃左右。此时，呼吸道（包括咽喉、气管、支气管、肺叶）的温度都可达到 40℃左右，高温的血流通过毛细血管可与病毒进行交锋，达到强力抑制病毒生长，保护易感人群之目的。另一方面，热水澡作为物理的清洗，可以大大降低手部、皮肤、咽喉、粘膜等部位病毒的浓度，因而可以显著降低人群感染发病的几率；同时，因为感染的人群尚未完全隔离，洗澡使病毒的浓度下降，可以减少人与人之间的相互感染，最终降低易感人群的感染风险。
1	新型冠状病毒起源于海鲜市场，海鲜会传染新型冠状病毒。
0	医用紫外线灯能消毒杀菌，那么能消灭新型冠状病毒吗？——来自较真用户提问
1	酒精能杀杀菌消毒，是不是浓度越高消毒效果越好？——来自较真用户提问
1	把家里暖气空调都打开，室内温度保持25度左右，开窗五分钟通风换气，原理是同济最新研究发现新型冠状病毒喜欢0度左右的湿冷环境，20度左右就死亡，所以病毒在20度以上的室温下基本不能存活。
1	N95口罩用7天后不要丢，用大功率吹风机吹30分钟，或者有酒精的喷一下消毒后继续用。
1	高浓度白酒喷洒房间有用吗，买不到75°酒精!!——较真网友的提问
1	新型冠状病毒肺炎疫情正在持续防控中，部分营销号却蹭疫情的热度，拿2003年的SARS病毒说事，发布骇人听闻的内容，比如“当年SARS（非典）病毒是美国人的生物战，专门针对中国人的，是种族灭绝的计划之一。”“非典事件中华人的死亡率高达96%！而非华人的死亡率为4%。 美国人、日本人和欧洲人好像得到了非典的格外关照，对非典具有特殊的免疫力”。
1	红酒里含红酒多酚，有一定的类似激素作用，可以喝红酒延缓肺炎病情发展，因为中国国家卫健委的治疗指南也是用短期的激素，红酒多酚消炎是很有效的（红葡萄酒，不是白葡萄酒），请问是真的么？——来自较真用户提问
1	好的蘑菇如花菇含有丰富的多糖类物质，可以刺激免疫系统，提高免疫力，对抗新型冠状病毒。
0	二氧化氯消毒剂针对这次肺炎有效吗？——来自较真网友提问
1	多喝60度的开水能预防新型肺炎吗？——来自较真网友提问
1	新型冠状病毒已经混合在空气里，一旦呼吸就会致病？——来自较真网友提问
1	西药里的阿司匹林可以服用小剂量（5-20毫克），既有消炎的作用，也有降低血液粘稠度的作用。资料显示病毒感染者有的血浆二聚体增高，意味着血液粘度升高，血流流速减慢，这种情况不利于免疫细胞的运动，而有利于病毒复制。
1	网上流传一份《关于新型冠状病毒的肺炎疫情感染期间公交线路营运安排调整的通告》，称即(27)日起将对公交线路营运安排作出调整。
1	浙江那边从27日起高速封路真的假的？——来自较真用户@ζั͡ޓއއއ๓凉提问
1	近日，有消息称：”将有6万武汉人员从境外来杭”
1	乳铁蛋白能提高免疫力，预防新型冠状病毒吗？——来自较真网友提问
1	近日，网传的一篇署名为南京日报记者赵映光写的“关于自1月27日起，南京全市交通暂停运行”的消息。另一方面，1 月 26 日，一张关于新型冠状病毒感染的肺炎疫情期间公交线路营运安排调整的通告在朋友圈流传。公告中显示自1月27日起，市内几十条公交线路将停运。
1	今晚（1月26日晚）21时30分，央视新闻频道(13频道)，白岩松主持《新型冠状病毒肺炎》专题现场直播，邀请钟南山院士介绍疫情，可转发各群届时收看。请相互知照，谢谢！
1	最近很多网友都在询问，广州要封城，这是真的吗？
1	1月26日，网上流传着这样一则消息：泰国移民局针对中国游客（主要指湖北游客）若不想回国的，可暂时不用出境，最长可给予两个月续签。
1	有消息称：北京即将封城。
1	1月26日，“深圳明天开始要封城，龙大，南光，107都要封”的消息在网上流传。
1	把家里空调取暖器全打开，让室温接近30度。病人多卧床休息，休息时电热毯打开，一直开，穿高领毛衣，盖厚被子。手摸床单有点烫，温度可能在45度以上，热醒喝55度温开水。让室内环境接近初夏的状态，病毒活性会被抑制。
1	网传“大蒜水可以治好冠状病毒肺炎，多喝大蒜水”。
1	为防控新型肺炎，杭州将封城。
1	网传“武汉来沪旅游客人一行5人入住徐汇区漕溪北路建国宾馆，全部感染新型冠状病毒。“
1	网传“家养的宠物会传染这次的肺炎病毒”。
1	网传“风油精能抑制病毒感染”。
1	昨天，不少大庆人的朋友圈出现了这样一条消息“明天早四点到四点半不要出门，因为政府安排飞机洒药消毒，请互相告。”
1	吃辣椒能够降低新型冠状病毒肺炎的死亡风险吗？——来自较真用户提问
1	好消息再传来: 疫苗出来啦！我国科学家已经读取了新型冠状病毒的全部基因序列，并且制造出高效、高灵敏度的疾病诊断试剂，得到世界卫生组织高度赞誉。在此基础上，我国科学家准确定位了新型冠状病毒独一无二的抗原基因序列，将病毒的抗原基因切取出来，用转基因手段培养人体组织，已经从人体组织细胞中获取了抗新型冠状病毒侵染的抗性药品，实验鼠已经高效抗病。 向科学家们致以崇高的敬意。
0	这次新型肺炎虽然传染很厉害，但是目前已经能够很好地治疗，大部分患者2-4周就可以被治愈。
1	网传“艾叶和艾条熏烟可以杀毒除菌”。
1	多吃草莓对预防肺炎有重大作用？——来自较真用户@小宝的提问。
1	网传“养猫狗可以预防这次的新型冠状病毒”。
1	网传“维C可以预防新型冠状病毒肺炎”。
1	网传“新型冠状病毒是SARS病毒的进化”。
1	最近，一则“明日早上四点飞机洒消毒药水，大家不要出门，请互相转告”的消息在朋友圈广泛传播。
1	网传称：有香港人在南京感染新冠病毒去世。
1	有传言称：钟南山院士建议全中国人民在家隔离两周。
1	长沙本地网传，发现武汉牌照车辆就拨打疾控中心电话。
1	一辆车牌浙BL0535的车从武汉回来，车上人确诊感染病毒，且来到某某地。
1	带呼吸阀的N95口罩对新型冠状病毒防御无效，没有呼吸阀的才有效。
1	从1月25日中午开始，微信、微博等多个社交媒体平台上陆续传出“为了防控新型冠状病毒肺炎疫情，北京高速进京方向已封路”的消息。
1	今天（25日）上午开始，网上流传一条消息称：“上海目前除沪牌不让进上海了。”
1	网传武汉新型冠状病毒已经定名为SARI。
1	全国多地抗击新冠肺炎疫情，84岁的钟南山院士奋战在防疫前线。近日，有网传聊天截图称，钟南山院士被传染。这一传闻引发人们关注。
1	湖北省中西医结合医院退休医生梁武东疑因新冠肺炎离世，是真的吗？——来自较真用户@凉拌茹本丝~的提问。
1	转发一个抗病毒方法，不妨试试哈：用大蒜辦子放嘴咬，咬碎后含一会儿，吐掉，胜过目前所有消灭新冠状病毒的口腔药物，并告诉你认识的所有人。
1	网传为防治新型冠状病毒肺炎，信阳开始封城。
1	有医生说抗艾滋病毒药物“洛匹那韦利托那韦片”可治疗武汉肺炎。
1	有网友发布消息称，陕西西安鄠邑区一名新型冠状病毒感染肺炎者从武汉归来后被送医，但从医院逃离。
1	网传“新加坡拒绝超过116名来自武汉的旅客入境”。
1	在作为一部防疫的情况下，N95口罩也是需要4个小时一换吗？——较真来自龙吟销魂的提问。（编辑注：Ⅰ级防疫，指特别重大群体性不明原因疾病事件：在一定时间内，发生涉及两个及以上省份的群体性不明原因疾病，并有扩散趋势；或由国务院卫生行政部门认定的相应级别的群体性不明原因疾病事件。）
1	1月22日，有网友发现湖北经视、湖北公共新闻频道多位主持人、记者在播报中戴上了口罩。
0	#厦门(海沧)国际半程马拉松#海沧跑过风景跑过你人生首马安全完赛❤️|厦门·海沧...
0	????在回小区的路上，看见一个小男孩拿着葫芦对一个小女孩说：“我喊你一声，你敢应吗？”
0	#校花图鉴##校花美女##粉丝投稿#江西九江微博:@很困了吧
0	@李玉刚艺术工作室求求您了，他又不是流量没作品只靠热搜的，最近宣传都是什么乱七八糟的，《菩提》蹭热度，外国粉丝文案生硬，还嫌你李老师黑不够多要再发展出几个吗？？？？？？你以为热搜一次不管黑白很光荣了？？？没看到萨dd现在不管什么视频评论都飘着假唱呢？做不来艺术家的宣传就别做
0	【上海警方通报女子遭假警察殴打:嫌犯系台湾籍】这胆子也忒大了点。
0	#墨迹分享#高尿酸是人体内有一种叫做嘌呤的物质因代谢发生紊乱，致使血液中尿酸增多而引起的一种代谢性疾病。1.遗传因素：有痛风或高尿酸血症家族史。O
0	我家乡怀集震感明显！能听到地鸣震动声！//【广西梧州市苍梧县发生5.4级地震深度10千米】
0	肩颈是人体气血运行的十字路口由于肩颈是大脑的总开关，上注于头部和面部的血液都要经过肩颈。中医讲到调节女人最好的良方就是打通气血，如果气血不畅的话，血液中的毒素堆积在肩颈，就会使肩颈硬化。脑后堆肉会增加肩颈肌肉张力，长时间保持此种体态会使肩颈酸痛、背部酸胀、颈椎手脚发麻
0	#我为山威做件事儿#@山东大学威海学生会@山东大学威海商学院今天为学校擦黑板了，感觉重新回到了小学时代@Sun济源@推荐网-购不停@任广超_
0	#北京观察#【澳洲一华人虐杀袋鼠18刀极端残忍，虐杀过程中不断念叨“这咋整，小样儿”澳机构：视情况会对该男子发起诉讼】8月29日，澳大利亚一位华人虐杀袋鼠的视频在网络引起热议。在该视频中，有一只右腿受伤、无法动弹的袋鼠，一个挥着刀和木棍的中年男子不断靠近它，在喃喃自语道“这咋整”之后，他绕到袋鼠的尾部，一只手拽住并拖着它的尾巴，然后用一只脚踩住袋鼠臀部，接着用另一只手割向袋鼠的头颈。在长达1分42秒的视频中，该男子共割了袋鼠18刀，与拍摄视频的同伴不时发出笑声。澳洲新快报...（注：微博ID@北京人新闻北京人新闻已被禁言）@北京发声@北京人时报@北京同城会@北京人民新闻@北京人民关注@关注北京人的幸福@北京家长发布会@北京都知事@疯狂老北京@北京老物语@举报监督1@陌川--事业女性互帮联盟
0	发表了博文《你以为撒贝宁爱李白？其实，他爱的只是文玩女》没有一点点的防备，小撒就成为了歪果仁的女婿~网友微博爆料“撒贝宁和加拿大籍女友领证结婚辣”，还附上了一张结婚皂~这名美美哒歪果仁叫李白，原名Li
0	江苏丰县幼儿园爆炸案告破，为22岁许性男子，他致使8人身亡，65人受伤。他是为什么要去爆炸幼儿园？对社会打击报复？#江苏丰县爆炸案件#|长治·郊区
0	【海航允许携带宠物进入客舱统一收费800元】海南航空今日称正试行“客舱运输宠物”产品服务，品种要求为一般家庭驯养的猫、狗。需6个月以上、健康、未孕，未在48小时内分娩。每只收费800元。旅客需为宠物佩戴口套、穿戴纸尿裤，并全程将其置于宠物箱中，不得喂食。并自行承担看管责任。其他乘客如不想挨着宠物，可申请调换座位。@北京青年报
0	【云南一死缓犯在投牢途中脱逃警方发A级通缉令】22日凌晨3点30分许，云南德宏州看守所投牢死缓犯人黄德军在途中脱逃。警方正全力抓捕中，云南省公安厅已经发布A级通缉令。对发现线索的举报人、协助缉捕有功的单位或个人，公安机关将给予5-10万元奖励。|云南一死缓...
0	#一线微观#【严查酒后驾驶违法行为】10月21日晚，大队下属7个交警中队各自与辖区派出所民警开展夜查合成勤务，共查获涉嫌醉酒驾车交通违法行为1起，酒后驾车交通违法行为27起，暂扣二轮摩托车17辆。#刘sir提醒#查酒驾，@城阳交警每天不见不散！@青岛交通广播FM897@青岛公安@青岛交警@青岛城阳发布
0	【询问成绩被说有病家长群缘何屡屡成负面舆情源头】近日，汉中一小学家长因在班级微信群里询问全班平均成绩，并希望老师能够分析学生为何出错，不料被老师辱骂“有病”等过激语言，并让“转学”。10月23日，涉事小学对此事作出回复称，已对在班级群发布不当言论的涉事老师进行了批评。近年来，从“严
0	沙特反腐风暴1晚逮捕11王子|凉山彝族自...
0	辣鸡垃圾，走狗，败类『疫苗事件：有两位神秘的普通人至今逍遥法外_手机新浪网』|疫苗事件：...
0	【月饼馅料是陷阱】月饼馅料是陷阱，水果味月饼其实是“冬瓜馅”，有的莲蓉月饼也可能是“豆蓉”，只有果肉含量超过25%才能叫水果月饼。
0	#温州实时路况#受台风强降雨影响，温州新附一医急诊门口前道路积水较严重，对过往车辆通行有影响，请途经该路段的车辆注意减速慢行，安全有序通行@温州交警
0	我正在刘鑫描述凶案事发过程江歌母亲在日请愿判凶手死刑的主页，朋友们快来看看吧
0	#青岛身边事#【感动！父亲早逝，青岛8岁男孩顶烈日叫卖冰棍】网友@蓝色海洋122369爆料称:;青岛市天泰体育场，有一名8岁男孩在独自叫卖青岛老冰棍来补贴家用。现场有人说，男孩父亲已经病逝，男孩与母亲和姐姐相依为命。;
0	【安徽部分#中小学查考试排名收费20元#？校方：外包单位收取，校内免费】据媒体报道，安徽亳州部分中小学推荐家长使用“好分数”等手机软件查分，查询考试排名一次需要20元。涉事学校回应，费用为外包单位收取，家长可在校免费查询成绩。“好分数”工作人员表示，查询成绩排名为会员功能属自愿开通，费
0	【开学第一课：六人村小并入镇上小学老师先教学生咋过马路】9月1日，开学第一天。早上7时许，58岁的徐国安就要赶往资阳市安岳县天马九义校上班。路过天马乡铁盔村村小旧舍时，他停下脚步，对眼前这座曾经的村小有些眷念。徐国安曾是这座村小唯一的老师，教着仅有的5名学生。他说，39年扎根在村小，习惯了这里的寂寞，现在搬到乡镇中心学校，一时还无法适应热闹。他更担心的是，自己教了3年的5个小娃娃，到了镇上不会过马路。
0	1月24日23时46分，G4011扬溧高速常州段由于小雪，金坛西至后周双向入口禁止危险品运输车辆、"三超"车辆及大客车驶入高速公路，限速60公里/小时。
0	为未来儿媳妇准备好富贵九珍，火了叫我#拯救不开心##搞笑视频##搞笑幽默微博#全是搞笑菌...
0	粑粑初五回来，给宝宝和麻麻带的号称湖北的特产，被你粑粑一进门就“广发群众”了，我们只剩下吃这包外地带回来的所谓的年货！这也能算是给我们带的礼物吗？一看就知道是他们吃剩下的打包回来的坚果吧？开心果，长生果，杏仁混合包！另外还有3个柑桔，可惜你粑粑回来就吃了一个，麻麻尝尝味道，宝宝还
0	发表了博文《上海七宝明强二小乐购佳宝新村万科城市花园晚托班接送晚餐》小学生晚托班一、招生对象：小学一年级到三年级学生1.标准小班制，8-10个小朋友,均为小学生.2.每个老师最多只负责约4-5名学生.
0	【眼药水直接滴眼球上毁眼睛！眼科医生忍不住告诉你……】很多人习惯将眼药水滴在眼中间，也就是眼球上。这样的操作是不对的！药液刺激角膜后，眨眼次数增多，使药液外流而降低疗效。同时，药物直接接触角膜，也会给角膜带来更多的药物性损伤。眼药水的正确使用方法戳↓↓@生命时报
0	拿着安全当儿戏【吉林市船营区就春芽中东幼儿园事件发出情况通报】（来自@一点资讯）|吉林市船营...
0	分享网易新闻《男子向间谍出售机密被判死刑》http://t.cn/RqKPbvo来自@网易新闻客户端#我在看新闻#
0	暗访长沙俏江南：炒菜锅洗拖把、吃剩辣椒再炒菜（分享自@凤凰视频）
0	#石家庄身边事#【突发！石家庄红旗大街工程车发生爆炸】今天（12月26日）下午15点左右，石家庄桥西区红旗大街某路段，一辆工程车发生爆炸，消防车第一时间赶往现场扑火。人员伤亡及爆炸原因尚不明确。via哈石家庄
0	#事故提示#今天中午11:21左右，南宁市325国道756+400处（钦州往南宁方向、晓春隧道口）发生一起2辆货车与1辆大巴车连环追尾事故，目前事故导致双向通行拥堵，但是车流量不大，已有现场民警在指挥疏导。
0	#桂林身边事#【旅发委最终调查及处理结果出炉】桂林这次面对事情发生后我们并没有遮掩隐瞒更没有推衍塞责桂林旅发委等相关部门反应迅速主动与当事游客进行联系沟通并着手调查并严肃处理涉事导游及旅行社为桂林旅发委妥善处理点zan！...
0	#王者荣耀将严防沉迷#今天还一个11岁小妹妹问我你玩不玩王者荣耀我说我不会，然后她极其嫌弃的看着我，现在小学生都玩的可溜呢还说了一大堆游戏名词给我讲真棒
0	【贵阳一动物园游客扮猴逗虎网友：别忘了老虎伤人事件】最近，网传一段游客挑逗老虎的视频。一年轻男子在贵阳黔灵山公园动物园猛兽区，上蹿下跳耍猴拳，逗得笼内的老虎一惊一乍，睡着的老虎都爬起来紧紧盯着外面的游客。园方称，最近一段时间，视频中的男子出现在动物园三次，三次挑逗老虎时都被园内巡逻人员发现劝阻。对此，有网友调侃道：视频中男子上蹿下跳玩得开心，围观群众时不时发出嬉笑，希望大家别忘了之前八达岭动物园老虎伤人、黑熊扒车事件。国庆长假即将来临，还要提醒出游的朋友们，遵守规则，注意安全。via贵州都市报
0	男子开车拖狗致死，和4名抗议民众被警方带走审查|男子开车拖...（分享自@凤凰新闻客户端）
0	媒体疯传，长生生物，疫苗造假！连疫苗都敢造假！！是可忍，孰不可忍？！一个优秀的民族，应该把这个事件变成一个契机，而不是一个伤疤。问题是：这不是第一天发现，以前那么多年都干嘛去了？
0	通证token是怎么形成的？为什么都是基于以太坊而非比特币？其实Mastercoin系统也可以在比特币的基础协议之上建立一个附加的协议层，在上面可以实现更多的功能，从而建立智能合约，发行一种依附于比特币系统流通的“子货币”，也就是私人货币。由于比特币的主要开发者们认为比特币要想成为去中心化
0	快餐只吃金拱门一生只爱一个人@麦当劳#麦当劳金拱门#
0	#佛山资讯站#深夜佛山一家电信营业厅屋顶上来了3名黑衣人#佛山身边事#月黑风高XX夜？NO!这次不是杀人夜。剧情没那么血腥，不过挺让人大吃一惊。事情是这样的，凌晨时分，3名黑衣男子潜入佛山顺德均安一电信营业厅，将室内的109台手机席卷一空。...
0	“58岁泰国女富豪征第九任老公新欢母亲比她小14岁”(,免流量看热门短视频!)一言不合就...
0	#山东高铁晚点#D6003淄博去青岛，火车晚点，火车票可以去青岛站退吗？可以退全额吗？@淄博火车站
0	#周杰伦歌迷会联合声明#致周杰伦演唱会主办方以及歌迷！@周杰伦中文网JayCn@周杰伦国际后援会Jay2u@杰威尔音乐官方微博@地表最强周杰伦世界巡回演唱会
0	【男子动物园屡次用石块砸袋鼠称;难得来一趟;】3月27日，扬州网友在微博上曝光一段男子用石块砸动物园袋鼠的视频。其行为被其他游客阻止后，男子竟说“难得来一趟”……男子动物园...
0	#偷孩子卖器官谣言#冲动是魔鬼转//#天天快报#《男子去村里见女网友被误作偷小孩遭村民殴打并掀翻车辆》
0	【家长在班级群询问成绩，被老师说有病并让孩子转学】近日，因孩子语文成绩不理想，陕西汉中一家长在班级微信群询问老师全班平均成绩，并希望老师能够分析学生为何出错，不料被老师辱骂并让“转学”。24日，校方回应：已对当事老师进行批评，双方达成谅解，互致歉意。（华商网）
0	匿名用户：如何看待5月18日邵东县人民医院王俊医生被患者击打后脑勺致死？-来自读读日报
0	8/6很多医生停诊，名单如下：普外科唐伟军、皮肤科沈威敏、激光室施虹敏、普内科杨海芸、呼吸科郭胤仕、康复科王颖、眼科张琳、耳鼻咽喉—头颈外科张淳、儿科曹兰芳。
0	王宝强离婚案一审宣判：解除双方婚姻关系，孩子抚养权都有，财产分割尚待进一步查明，法院将依法另行处理。而马蓉诉王宝强名誉侵权法院不予认可。|王宝强离婚...
0	【易挫伤，疲劳疑为何病？】患者，男，67岁，因易挫伤，疲劳，全血细胞减少症（白细胞计数1.9×109/L；血红蛋白10.8g/dL；血小板89×109/L）和低级弥散性血管内凝血（国际标准化比值1.3；部分促凝血酶原时间22s；纤维蛋白原93mg/dL；D二聚体阳性）入院。O
0	【南京大学文学院前院长：引人失察愿担责】丁帆称,沈阳教授调入南京大学文学院是自己担任院长期间,在毫不知情的情况下,未按照人才外调程序就同意直接引进人才,属引人失察,愿承担全部责任,“本人可以接受任何处分”。同意并服从南大文学院的一切决定。
0	网传“空腹吃荔枝致孩子死亡”？权威解读来了-红歌会网-手机版饮鸩速亡的警戒总是高于温水煮青蛙的慢性毒杀，这是何因？
0	河南商丘治理大气污染关停饭店市民：买不到面条|河南商丘治...商丘的商是智商的伤，书记市长太逗了
0	#腾冲天气#腾冲周边地区天气情况。（来源：中国天气网）
0	;网传山西襄汾某局长两女家属打老人事件续。面对老人的呼救，围观者无动于衷，公园管理员置之不理。微评:这个社会太悲哀了，是什么让人们变的如此冷漠？难道因为对方是局长吗？;我的作品,一起来看~
0	【“失控奔驰车”司法鉴定意见书称车辆没有失控】意见书称，事发车辆制动系统工作状态良好，无故障。且经过反复测试，该车辆定速巡航系统正常。车主自述“开关车门”|“失控奔驰...（来自财新客户端）
0	【别人的大学！药学院为做实验招募同学800斤荔枝免费吃】10日，南宁广西中医药大学药学院购买800斤荔枝为药剂学实验做准备，由于实验只需要果核，学院召集师生吃荔枝，学生们纷纷赶赴“战场”解决荔枝。嘿校园的秒...
0	#炫酷电影君#【正能量！一晚俩网友爆料，表扬的竟是同一外卖小哥】本月初长沙暴雨，某外卖主管一晚接到俩网友爆料，某小哥送餐途中，见一车主误进工地被困，立刻蹚水过去，引导其安全驶离。另一用户点餐时选错地址，外卖小哥义务绕道送去正确地址。经核实，主管发现一晚两善举都是小哥罗远成所为，拍下他羞涩照片。
0	我正在看《突发！绵竹九龙灵官楼大火号称“亚洲第一高木塔”被烧毁》，分享给你一起来看吧！（来自#快视频#）分享链接
0	【陕西孕妇头部被卡护栏身亡监控曝光：事发时无人照看】28日，陕西32岁孕妇送女儿上学后，返身回家。途中她觉得有些头晕，想扶栏杆休息一下，不料身体一滑脖子被卡入护栏空隙处。附近路人尝试救助却未成功，该孕妇当成身亡。视频→|孕妇头部被...
0	尼玛！从哪学的？顽石：沙特国王与王储这一招玩得真漂亮-乌有之乡顽石：沙特国王与王储这一招玩得真漂亮（分享自@）|顽石：沙特...
0	【南海仲裁闹剧今出结果至少66国表态力挺中方】菲律宾前总统阿基诺三世炮制的南海仲裁案，结果将于今日出炉。虽然美日等积极掺和仲裁案，部分西方国家也在“敲边鼓”，但据不完全统计，目前已经有至少66个国家公开表态，明确支持中国在南海的立场，声势远远超过对方。
0	#地震快讯#中国地震台网自动测定：08月08日21时19分在四川阿坝州九寨沟县附近（北纬33.20度，东经103.88度）发生7级左右地震，最终结果以正式速报为准。然而有大神居然预算到？看来民间已经掌握了地震规律，今天凌晨发的，真是神测！民间地震局给你们赞！
0	#三秦快报#【网传陕西乾县校园暴力视频官方：依法处理涉事学生】近日，一段陕西乾县一中学校园暴力视频在网络热传，视频中一名初中生模样的少年在教室遭到三名同龄人暴打，期间还抡起了板凳、簸箕。今日下午，@中国乾县称该事件发生于5月10日，起因为王某等3人在生活中的摩擦，随后在教室殴打同学王...
0	上海：台湾男子假冒警察多次电击女子欲控制对方
0	@河东大帝：学校停职先不涚合不合适，她这样的行为确实不适合当教师，难道要为孩子们树立一个扰乱公共秩序的榜样，还是教孩子们怎样阻车门，怎样撒泼，怎样胡搅蛮缠，怎样自私自利，我行我素，自以为是
0	河北永清4.3级地震。2018年2月12日18时31分，我省永清县4.3级地震发生在河西务断裂带附近。1970年以来，震中附近50千米范围内共发生4.0级以上地震5次，2006年7月4日发生的文安5.1级地震距此次地震59千米。截止到20时22分，共发生余震22次，最大震级为1.8级。据专家会商，认为本次地震为孤立型地震的可能性较大，发生更大地震的可能性不大。
0	#西安路况播报#目前，辖区双向畅通，汉中方向车流量较大。民警正在进行进行路面巡查。@西安交警高速大队@畅通西安@西安公安
0	关锦鹏导演新戏《四个女人》郑秀文、梁咏琪、赵雅芝、白百何、齐溪、倪妮，男主古天乐、刘烨|桂林·桂林...
0	广西梧州市发生5.4级地震，震源深度10千米。http://t.cn/RtIBiEg来自@网易新闻客户端#网易新闻#
0	【为坦护出轨儿子，婆婆将漂亮儿媳虐待成40斤骷髅】山东杨姓女子，和丈夫结婚后才发现其出轨，向婆婆反映，可婆婆辩称“男人都色”。据知情人士称，婆婆后来同意儿子将怀孕小三带回家，杨女士一气之下服毒自杀，抢救过来后却瘫痪了。之后一直卧床的她受到婆婆虐待，从一个健康人变成40斤的“骷髅...
0	【明察｜金华警方：“大妈史诗级碰瓷”不实，系精神病患者病发】澎湃新闻的...一“浙江金华惊现史诗级碰瓷，大妈演技惊人”的视频被热传。17日金华警方称，不存在大妈“碰瓷”的事，大妈是一名间歇性精神病患者，事发当天因琐事导致病情发作，在社区道路上拦截车辆。|明察｜浙江...
0	#10月去哪儿玩##西安旅行#【2017西安国际马拉松】西安这座有着深厚历史文化底蕴的古都，这座重视多元文化发展的大都市，今日，终于迎来了属于自己的城市马拉松赛！作为家门口首度举办的全程马拉松赛事，对彰显西安历史文化魅力，促进全民健身运动发展，提升西安国际影响力，推动西安国际化大都市、丝绸之路经济带战略支点建设具有重要意义。
0	【央视春晚快问快答访央视主播康辉：央视念错一个字罚多少钱？】过年最喜欢干什么？康辉：躺着；最喜欢别人夸你什么？康辉：你瘦了；最不喜欢别人说你什么？康辉：说那个，你好像小松鼠……念错一个字罚50块，这事是真的吗？康辉：是真的，而且现在还涨价了。#安阳分享#央视新闻的...（央视记者...
0	#川航航班备降##川航挡风玻璃破裂#机长刘传健太厉害，在驾驶舱玻璃爆碎仪表盘开裂无线电中断高空失压和零下四十度的恶劣情况下，靠目视成功备降，这是真的是飞行员技术过硬才可以有的，心理素质也超级好，能在紧急情况做出处理，镇定果断，飞机最后平安降落。向机组全体成员致敬！中国英雄机长！
0	【南海争端的经济学逻辑：真正的战场在这里！】12日，菲律宾南海仲裁案靴子落地，仲裁庭作出非法无效的所谓最终裁决。对此，中方声明，菲律宾共和国阿基诺三世政府单方面提起仲裁违背国际法，仲裁庭没有管辖权，中国不接受，不承认。这场仲裁闹剧嚣扰三年，也该收场了。对于此次南海之争，美国媒体认...
0	曝周立波长岛被捕被警察搜出枪支和可卡因-娱乐频道-手机搜狐@手机搜狐|曝周立波长...
0	@南京头条@江宁婆婆@江宁公安在线在43路公交车上遇到小偷了！就是这个男的！企图偷我的钱包，被我发现了，后来看他居然还有个同伙！！！
0	#女孩乘滴滴顺风车遇害##滴滴道歉#广大网友说的对：我觉得滴滴app上应该设置一个一键报警功能，把车子行车路线和车主信息都发到公安。这样对于每一个出行的女孩都有所保护！！！
0	【余震】中国地震台网自动测定：08月09日20时03分在四川阿坝州九寨沟县附近（北纬33.16度，东经103.91度）发生3.2级左右地震，最终结果以正式速报为准。
0	分享网易新闻《高铁站台撑伞会遭电击?高铁站:真的乘客应注意》|高铁站台撑...来自@网易新闻客户端#网易新闻#
0	#财经头条文章##猜涨跌赢大奖##微博股票#央行窗口指导银行增配较低评级信用债，市场争议AA+债券流动性能否恢复，主要目标是缓解现在的P2P崩盘的蔓延，对闪崩个股属于利好。
0	【震惊投资圈！滴滴回应小股东被自家平台司机殴打,4000亿独角兽安全之殇】4月29日，疯蜜创始人张恒在其微信公众号上发文称，乘滴滴快车被司机殴打，导致眼部软组织挫伤……其中最尴尬的是，张桓自己就是滴滴的投资人……&gt;&gt;&gt;全文|震惊投资圈...（中国基金报）
0	#范冰冰奶奶#照片曝光；网友：现在我相信范冰冰没整过容了！
0	秘书：同学们想吃荔枝了。校长：打个报告吧，名不正则言不顺。报告这么写：领导，冒号。为了促进中医药的发展，继承和弘扬中国传统文化，全校师生急需吃800斤荔枝。。
0	发表了博文《推墙的南方报业记者被曝诱奸女实习生报社回应称严查》南方报业声明广州警方通报《南方日报》针对网传其下属记者诱奸女实习生做出声明：已组织调查，如情况属实，将严肃处理，决不姑息。另据广州|推墙的南方...
0	网友反映：“事情发生在丰县欢口镇，打人的是有前科的城管人员，两次进监狱我对象只是在那上班，他们没制服，没工作证没执法记录仪进门就要钱，我对象想给老板打电话，随后就是这结果”。希望有关部门核实此事@丰县同城会@情义丰县@丰县贴吧
0	【零下6度普京赤裸上身浸冰窟】俄罗斯媒体19日报道，普京18日参加宗教活动。当天的气温为零下6度，普京先是随口问聚集在冰窟旁的记者们是否感到冷，然后脱掉外套，走进到冰窟中。据总统新闻秘书称，66岁的普京已多年参加浸冰窟仪式。零下6度，...
0	#点赞无锡#【厉害！宜兴这所中学被教育部点赞啦！】近日，教育部印发了《关于公布2018年中小学国防教育示范学校名单的通知》，综合认定1314所学校为“中小学国防教育示范学校”，其中，宜兴市丁蜀高级中学榜上有名！！|厉害！宜兴...
0	【你愿意为这名学生的举动转发点赞吗？】近日，湖北宜昌隆康路一巷内，一名学生将乱停乱放的共享单车一一排放整齐。少年强则国强，好样的，#中国少年#！宜昌发布的...
0	【;冰花男孩;学校获捐10万男孩父亲找到工作】2018年1月9日，云南昭通一名头顶风霜上学的孩子照片在网上引起广泛关注。照片中的孩子站在教室里，头发和眉毛已经被风霜粘成雪白，脸蛋通红，穿着并不厚实的衣服，身后的同学看着他的“冰花”造型大笑……|"冰花男孩"...
0	土耳其东部凡省当地时间２３日１３时４１分（北京时间１８时４１分）发生里氏７．２级地震，震中位于和伊朗接壤的凡省塔巴利村，震源深度５公里。造成土中部城市凡城多座建筑倒塌，１３８人死亡、３５０人受伤。据法新社23日援引伊朗媒体消息，伊朗西北部边境地区对于此次地震也有震感。
0	Similac和Enfamil两大奶粉巨头齐放大招！低至6.5折！Amazon现有【Similac】雅培婴幼儿配方奶粉精选特卖，超好折扣回归：OAmazon现有【Enfamil】美赞臣精选婴幼儿奶粉大促，震撼好价：O
0	#陕西科技传媒#【吃了这么多年的“水果味”月饼，原来可能是“冬瓜馅”？】市场上芒果味、草莓味、哈密瓜味、水蜜桃味、香橙味、柠檬味、凤梨味、蓝莓味……这些水果味的月饼，其实都是冬瓜馅。大家买月饼的时候，还是仔细看下成分表吧！|吃了这么多...
0	山东地震台网测定：03月27日22时06分在山东烟台市长岛县海域（北纬38.11度，东经120.79度）发生M3.7级地震，震源深度9公里，距长岛县14公里。
0	【医学奇迹！足球魔力？】斯特林读秒绝杀，曼城2-1胜南安普顿，豪取12连胜。在之前比赛中十字韧带撕裂的门迪，扔掉了手中的拐杖，以最快19km/h的速度，冲入了庆祝的人群…………新浪体育的...
0	#邯郸身边事##涉县生活#《邯郸大名县一小学乱收费的“举报信”被张贴在大街小巷官方回应》昨日，邯郸朋友圈疯传一封张贴在大街小巷的举报信，引起公众的关注。针对举报信大名镇中心校回应称，大名县教育局高度重视，立即责成大名镇中心校成立调查工作小组，进驻银河小学就此事开展调查。|邯郸大名县...
0	;微信好群里的视频。儿童乐园里难免磕磕碰碰，一个母亲不停的道歉，一个女人撒泼一样的不依不饶，他老公很好。可是那个女的，又和劝架的人大打出手。那个女的实在该醒醒吧！#老黄实拍##第一现场#;。和谐社会啊！黄胜友的秒...
0	【注意！荔枝吃一颗酒驾吃三颗醉驾】荔枝吃一颗酒驾吃三颗醉驾来源：前不久，福州一司机因吃几颗荔枝被查酒驾！荔枝含有较高糖分，口腔的酶会对荔枝糖分分解出酒...原文：|注意！荔枝...（分享自@微博搜索）
0	【#沈晚·早安#】川航史诗级备降，机长刘传健成了当之无愧的“中国版萨利机长”。驾驶舱风挡玻璃爆裂，气温降至零下40多度，副驾身体飞出一半，无线电基本失灵，这是一次以专业精神大写的生命返航。致敬川航机组，也要追问风挡玻璃为何突然爆裂脱落。毕竟生命攸关，比起力挽狂澜，我们更需要万无一失。四川日报的...
0	【麦当劳改名金拱门？天津网友：搁我们这就叫“黄门脸儿”-掌上天津】一觉睡醒，麦当劳都改名了……25日，有媒体报道称麦当劳(中国)有限公司已…
0	【大连发生特大刑事案件警方悬赏通缉嫌犯】中新网大连4月18日电（记者杨毅）针对发生于大连普兰店境内一起特大刑事案件，大连警方18日对外发布悬赏通缉潜逃杀人凶手。|大连发生特...
0	这回不是拒捕了吧？警察打烂无辜大学生的屁股@兰州榆中公安5月17日23时28分消息：针对5月17日网上反映我局“和平派出所民警暴力执法，用警棍
0	【湖南衡阳交警“毫无征兆倒地”被指碰瓷执法公安局启动调查】13日，一段“湖南衡阳交警疑似碰瓷执法”的视频引热议。视频显示，在正要对一辆白色轿车进行执法，执勤交警突然倒在地上。而这一幕，都被后方一辆车的行车记录仪拍下。14日，衡阳警方通报称“启动交警碰瓷执法调查”。新京报我们...
0	黄连素是一种重要的生物碱，是我国应用很久的中药。黄连素能对抗病原微生物，对多种细菌如痢疾杆菌、结核杆菌、肺炎球菌、伤寒杆菌及白喉杆菌等都有抑制作用，其中对痢疾杆菌作用最强，常用来治疗细菌性胃肠炎、痢疾等消化道疾病。临床主要用于治疗细菌性痢疾和肠胃炎，它无抗药性和副作用。
0	#洪水救妈妻子出走#在灾难来临的瞬间，出于本能反应选择解救亲人而不是自私脱逃，已经很棒了。至于老婆和老妈哪个更重要，我觉得既然是一家人了应该是不分彼此都很重要。逼着男人做这种艰难的选择本身就是残忍的，将心比心，就像我永远不会认为以后的老公会比父母重要最后，希望妻子原谅他。
0	【高速路况】#便民服务#据@天津高速公路消息：2018年1月23日08:21，G18荣乌高速天津站、小孙庄站入口、S6津沧高速津静站入口、G1N京秦高速、S1津蓟高速、S4津港高速、S30京津高速全线入口恢复正常开启；G1N京秦高速、S1津蓟高速入口限行危险品车辆及7人座以上客车。
0	【《2017中国青年睡眠现状报告》发布，仅一成人能"一觉到天亮"】3月21日为“世界睡眠日”，中国睡眠研究会日前发布了《2017中国青年睡眠现状报告》，“睡个好觉”成为青年人的奢望。本次调查中显示76%的人入睡困难，其中超13%的人感觉处在痛苦状态，“睡不够，起不来”或“睡了却依然疲惫”的人更...
0	【日本黑老大逃亡泰国14年后落网只因身上刺青太引人注目】白井赤着上半身在街边玩跳棋时，他浑身的日本风刺青引起一名泰国人的兴趣，那人拍了照还放上网，引起疯传。照片中的白井的左手尾指还少了一截。这些特定图样的刺青和断指是日本黑帮的两大特征，黑帮常以切指表示赎罪。照片在网上被转送超过1万次，连日本警方也看到了。日本警方随后要求泰国当局逮捕白井。白井承认，他就是隶属日本最大黑帮山口组的帮派弘道会的头目。|满身刺青照...
0	#H7N9#5月30日17时30分，自治区卫生计生委接到报告，巴彦淖尔市五原县一名男性患者经北京市疾控中心复核结果为人感染H7N9禽流感病毒核酸阳性。根据患者的临床表现、流行病学史和实验室检测结果，判定为自治区首例人感染H7N9禽流感病例。
0	【“玛莉亚即将登陆，今年首个台风红色预警】预计今年第8号台风“玛莉亚”将于11日上午以强台风的强度在福建福清到浙江苍南一带沿海登陆。“玛莉亚”具有强度强、发展快、移动速度快，登陆强度强等特点。受其影响，10日14时至11日14时，福建东北部沿海、浙江东南部沿海的风力可达11-12级，台风中心经过的附近海面或地区的风力有13-16级，阵风17级。
0	#商界快讯#华谊兄弟公告称，今日正式启动法律程序，将起诉部分自媒体，包括“新鲜热度”、“中国债券”、“直面传媒”、“金融八卦女频道”、“真叫卢俊”等微信公众号，及“金融八卦女”、“互联网的那点事”、“漢青閣”、“George-瓜瓜”、“刘耘博士”、“圈内大神”等微博帐号。
0	深圳女性很快可以请“姨妈假”了？！#深圳事儿#
0	【眼药水直接滴眼球上毁眼睛！眼科医生忍不住告诉你……】很多人习惯将眼药水滴在眼中间，也就是眼球上。这样的操作是不对的！药液刺激角膜后，眨眼次数增多，使药液外流而降低疗效。同时，药物直接接触角膜，也会给角膜带来更多的药物性损伤。眼药水的正确使用方法戳↓↓@生命时报
0	【贵州一天然气管道燃爆已发生2次爆炸伤亡不明】据黔西南州消防部门提供的消息，今天上午10:44，在贵州省黔西南州晴隆县沙子镇小寨村，一天然气管道发生燃烧爆炸，目前已经发生了第二次爆炸，现场伤亡情况不明。晴隆县消防中队已经在现场进行救援。@央视
0	#抗击台风山竹#【压倒骆驼的最后一根稻草？那只是个传说，现实中有我们立行立断的供电小哥！】;向外面过点;，;好;，;放下来;。原来是被台风吹断的超高树木树干搭在电杆横担上，我们供电小哥立行立断，果断处理了该隐患。@南网50Hz@广东电网湛江供电的...
0	发表了博文《胸骨压痛是白血病的重要体征》白血病，又叫血癌。人们患有白血病，特别是患有急性白血病时，胸骨压痛便成为重要的体征之一。据临床观察，多数病人胸骨压痛最明显的部位在胸骨下部，即相当于第四、第五肋|胸骨压痛是...
0	【四川绵阳警察殴打醉汉，警方通报：记大过处分】日前，“四川绵阳警察打骂醉酒者”的视频在网络上引起热议。9月1日，绵阳市公安局官方微博@平安绵阳发布情况通报，称是醉酒男子先动手，而后民警才对其拳打脚踢，并出言辱骂。目前警方已给予该涉事民警行政大过处分，并对其所在单位领导启动问责程序。|四川绵阳警...
